name,datetime,tempmax,tempmin,temp,feelslike,humidity,precip,windspeed,icon
Kolkata,7/25/2022,30,25,27.6,31.5,86.7,10.34,18.4,rain
Kolkata,7/26/2022,32.8,26.6,29.1,34.6,80.3,0.036,14.8,rain
Kolkata,7/27/2022,33.2,27,28.8,35,84.2,20.29,18.4,rain
Kolkata,7/28/2022,34.2,27.5,29.8,36.6,80.2,4.865,14.8,rain
Kolkata,7/29/2022,34,28,30.5,38.9,79.7,26.829,16.6,rain
Kolkata,7/30/2022,34.3,28.3,31.3,39,73.1,0,22.3,partly-cloudy-day
Kolkata,7/31/2022,33.2,27,30,38.1,81.9,2.095,18.4,rain
Kolkata,8/1/2022,33.3,28.6,30.3,38.1,79.4,0,22.3,partly-cloudy-day
Kolkata,8/2/2022,33.6,26,29.2,36.2,85,15.096,18.4,rain
Kolkata,8/3/2022,31,27,29.1,36.1,85.2,1.385,9.4,rain
Kolkata,8/4/2022,33,26.9,29.6,36.4,80.9,0.012,13,rain
Kolkata,8/5/2022,34,27,29.9,37.4,80.9,0,20.5,partly-cloudy-day
Kolkata,8/6/2022,30.1,28,28.9,35.6,84.9,7.721,18.4,rain
Kolkata,8/7/2022,32.9,26,29.3,35.5,81.8,5.481,16.6,rain
Kolkata,8/8/2022,31,27,28.7,34.5,83.1,9.012,18.4,rain
Kolkata,8/9/2022,30,26.7,28,32.7,84.8,12.521,22.3,rain
Kolkata,8/10/2022,30.6,26,27.4,31.1,87.8,8.957,18.4,rain
Kolkata,8/11/2022,30,26,27.2,30.4,89,19.221,18.4,rain
Kolkata,8/12/2022,33,26.3,29.3,35.4,81.2,4.054,11.2,rain
Kolkata,8/13/2022,33.1,27.1,29.4,35.9,80.9,0.812,25.9,rain
Kolkata,8/14/2022,28.5,25.9,27.3,31,88,35.455,27.7,rain
Kolkata,8/15/2022,30,26,28.1,33.3,86.2,8.439,22.3,rain
Kolkata,8/16/2022,34.1,27,30.6,37.4,75,0.002,14.8,rain
Kolkata,8/17/2022,35.1,28.8,31.7,40.3,73.3,0,14.8,partly-cloudy-day
Kolkata,8/18/2022,35,27.4,31.4,40.8,76.4,3.956,27.7,rain
Kolkata,8/19/2022,31,26,27.6,31.8,86.9,24.163,29.5,rain
Kolkata,8/20/2022,30,26.5,27.6,31.9,86.5,25.694,24.1,rain
Kolkata,8/21/2022,33,27.4,29.7,36.9,82.2,0.169,18.4,rain
Kolkata,8/22/2022,33.7,28,29.8,36.7,79.7,34.179,13,rain
Kolkata,8/23/2022,30.7,25,28.5,34.3,86,9.362,14.8,rain
Kolkata,8/24/2022,30,27,27.7,32.3,86.7,7.099,18.4,rain
Kolkata,8/25/2022,33,26.8,29.4,35.1,77.6,0.278,20.5,rain
Kolkata,8/26/2022,34.2,27.1,30.3,37,75.6,0,16.6,partly-cloudy-day
Kolkata,8/27/2022,33.8,28,30,37.9,81.1,39.944,18.4,rain
Kolkata,8/28/2022,32,27,29.5,36,80.3,5.24,22.3,rain
Kolkata,8/29/2022,34,28,30.9,38.2,74.6,0,29.5,partly-cloudy-day
Kolkata,8/30/2022,34.7,28,30.7,38,74.9,0.089,16.6,rain
Kolkata,8/31/2022,34.6,28.7,31.3,39.1,74,0.001,18.4,rain
Kolkata,9/1/2022,34.7,29,31.1,38.9,73.7,0.018,18.4,rain
Kolkata,9/2/2022,34.4,28.8,31.5,39.4,72.1,0,20.5,partly-cloudy-day
Kolkata,9/3/2022,34,25.7,30.3,37.1,75.4,5.877,25,rain
Kolkata,9/4/2022,34.6,28,29.9,36.7,78.8,8.678,22.3,rain
Kolkata,9/5/2022,34,26,29.9,37.2,80.8,6.906,27.7,rain
Kolkata,9/6/2022,32,26.3,29,35.1,82.7,13.157,11.2,rain
Kolkata,9/7/2022,34.2,27.8,31,38.9,76,0,13,partly-cloudy-day
Kolkata,9/8/2022,34.4,28.4,31.1,38.5,73.5,5.676,16.6,rain
Kolkata,9/9/2022,34.2,27,30,37,78.4,0.225,22.3,rain
Kolkata,9/10/2022,33,27.7,29,34.9,81.9,4.318,24.1,rain
Kolkata,9/11/2022,30,26,27.5,31.3,85.6,23.061,22.3,rain
Kolkata,9/12/2022,27,25,26,26.4,91.1,60.747,14.8,rain
Kolkata,9/13/2022,28,25.3,26.6,28.6,89.8,45.917,22.3,rain
Kolkata,9/14/2022,29,27,27.9,32.8,86.5,0.086,103.7,rain
Kolkata,9/15/2022,31,27,28.5,34.6,86.4,0.547,16.6,rain
Kolkata,9/16/2022,33,25.9,28,31.8,83.2,13.511,11.2,rain
Kolkata,9/17/2022,30.3,26.4,28,33.1,86.3,0.569,18.4,rain
Kolkata,9/18/2022,33,25.8,29.4,34.8,79.4,0,11.2,partly-cloudy-day
Kolkata,9/19/2022,31.5,27,28.5,33.8,82.9,8.722,16.6,rain
Kolkata,9/20/2022,29,26,27.8,32.4,87,9.748,14.8,rain
Kolkata,9/21/2022,31.7,27,29.1,35.3,82.3,3.771,14.8,rain
Kolkata,9/22/2022,33,27,29.7,36,79,0.012,18.4,rain
Kolkata,9/23/2022,33.5,27,30,36.3,76.6,0,18.4,partly-cloudy-day
Kolkata,9/24/2022,33.8,27,30.1,36.3,75.6,2.433,14.8,rain
Kolkata,9/25/2022,33,27.1,30,35.4,73.1,0,13,partly-cloudy-day
Kolkata,9/26/2022,33,27.4,29.5,35.3,77.3,0,14.8,partly-cloudy-day
Kolkata,9/27/2022,33,27.7,30,36.3,75.6,0.081,11.2,rain
Kolkata,9/28/2022,32.5,27,29,34.8,81.5,13.108,13,rain
Kolkata,9/29/2022,33.4,26.7,30,36.3,77.2,0,11.2,partly-cloudy-day
Kolkata,9/30/2022,33.3,27,30.1,37.1,78.3,0,9.4,partly-cloudy-day
Kolkata,10/1/2022,33.4,25.6,30,36.3,77.3,25.257,25.9,rain
Kolkata,10/2/2022,30.4,26,28,32.4,84.2,0.532,11.2,rain
Kolkata,10/3/2022,30,26.6,28.2,33,84.1,11.943,18.4,rain
Kolkata,10/4/2022,32,26.7,29.1,34.6,79.8,10.72,24.1,rain
Kolkata,10/5/2022,31,27,28.3,33.2,82.9,6.157,29.5,rain
Kolkata,10/6/2022,31.3,26,28.2,32,80.9,26.722,14.8,rain
Kolkata,10/7/2022,33,26,29.2,34.3,78.9,0.993,9.4,rain
Kolkata,10/8/2022,34,26.7,30.3,36,73.6,0,16.6,partly-cloudy-day
Kolkata,10/9/2022,34,27.1,30.1,35.8,74,0.002,22.3,rain
Kolkata,10/10/2022,33.1,27.2,29.9,36,75.7,0.2,16.6,rain
Kolkata,10/11/2022,33.5,27,29,34.4,78.8,2.093,18.4,rain
Kolkata,10/12/2022,33.1,25,27.9,30.9,80.6,19.237,22.3,rain
Kolkata,10/13/2022,32.7,25,28,31,79.7,0.936,18.4,rain
Kolkata,10/14/2022,31.5,26,27.8,31.6,83.3,21.17,18.4,rain
Kolkata,10/15/2022,32.6,26,29.1,32.8,74.6,0,13,partly-cloudy-day
Kolkata,10/16/2022,33,25.6,28.8,31.3,68.3,0,22.3,clear-day
Kolkata,10/17/2022,32.3,25,28.2,29.9,66.8,0,18.4,clear-day
Kolkata,10/18/2022,32,25,28.3,31,72.8,0,18.4,partly-cloudy-day
Kolkata,10/19/2022,30,26,27.6,30,74.3,1.771,18.4,rain
Kolkata,10/20/2022,32,24,27.8,29.4,70.6,0,24.1,clear-day
Kolkata,10/21/2022,32,23,27.9,30.1,70.6,0,20.5,clear-day
Kolkata,10/22/2022,33,24,28.3,30.7,70.3,0,18.4,clear-day
Kolkata,10/23/2022,29.8,24,26.9,29.1,78.1,0.02,14.8,rain
Kolkata,10/24/2022,26,21,23.3,23.3,88.5,2.015,27.7,rain
Kolkata,10/25/2022,30.1,22,25.4,26.2,76.7,0,18.4,partly-cloudy-day
Kolkata,10/26/2022,31.8,23,27,28.4,74.2,0,9.4,partly-cloudy-day
Kolkata,10/27/2022,31.6,24.9,27.4,28.6,70.9,0,14.8,partly-cloudy-day
Kolkata,10/28/2022,30,22.4,26.4,26.9,66.7,0,18.4,partly-cloudy-day
Kolkata,10/29/2022,30,20.5,25.5,26.1,66.2,0,14.8,partly-cloudy-day
Kolkata,10/30/2022,31,20.9,26.2,26.9,67.8,0,13,clear-day
Kolkata,10/31/2022,31,22.6,27.1,27.7,64.9,0,13,partly-cloudy-day
Kolkata,11/1/2022,32,23,27.5,28.7,65.6,0,18.4,clear-day
Kolkata,11/2/2022,31.1,23.9,27.4,27.9,60.6,0,14.8,clear-day
Kolkata,11/3/2022,29.4,22.5,25.7,25.8,62.2,0,11.2,partly-cloudy-day
Kolkata,11/4/2022,31,21.6,25.9,26.4,66.4,0,14.8,clear-day
Kolkata,11/5/2022,30.3,21.3,26,26.5,68.5,0,16.6,partly-cloudy-day
Kolkata,11/6/2022,30,22.3,26.2,26.6,66.9,0,11.2,partly-cloudy-day
Kolkata,11/7/2022,30,21.7,25.9,26.4,68.6,0,9.4,partly-cloudy-day
Kolkata,11/8/2022,31,22.5,26.3,27.2,69.4,0,11.2,partly-cloudy-day
Kolkata,11/9/2022,30,21.2,25.7,26.3,71.1,0,13,partly-cloudy-day
Kolkata,11/10/2022,30.4,22,25.9,26.5,69.2,0,18.4,partly-cloudy-day
Kolkata,11/11/2022,30,21,25.7,25.9,65.4,0,11.2,partly-cloudy-day
Kolkata,11/12/2022,29.4,21,25.3,25.7,67.6,0,14.8,partly-cloudy-day
Kolkata,11/13/2022,29,19.8,24.1,24,58.9,0,16.6,clear-day
Kolkata,11/14/2022,28,18,23.2,23.1,58.4,0,16.6,clear-day
Kolkata,11/15/2022,29,18.2,23.6,23.6,60.5,0,14.8,clear-day
Kolkata,11/16/2022,29,18.4,23.6,23.6,62.3,0,13,clear-day
Kolkata,11/17/2022,30,18.3,23.9,23.9,64.9,0,14.8,clear-day
Kolkata,11/18/2022,29,19,23.5,23.5,62.6,0,22.3,clear-day
Kolkata,11/19/2022,28,19,23.1,23.1,58.1,0,18.4,partly-cloudy-day
Kolkata,11/20/2022,29,19,23.5,23.6,64.6,0,13,partly-cloudy-day
Kolkata,11/21/2022,29,20,24.1,24.2,62.2,0,16.6,partly-cloudy-day
Kolkata,11/22/2022,28.1,19,23.2,23.1,62.8,0,14.8,clear-day
Kolkata,11/23/2022,28,18,22.7,22.6,63.2,0,14.8,clear-day
Kolkata,11/24/2022,28,17.2,22.6,22.5,57.5,0,16.6,clear-day
Kolkata,11/25/2022,28.1,18,22.8,22.9,61.9,0,16.6,clear-day
Kolkata,11/26/2022,28,17.7,22.9,22.9,63.4,0,13,clear-day
Kolkata,11/27/2022,28,17.4,22.7,22.7,66,0,7.6,clear-day
Kolkata,11/28/2022,29,17.5,23,23,66.6,0,14.8,clear-day
Kolkata,11/29/2022,29,19.9,24.1,24.2,64.7,0,14.8,partly-cloudy-day
Kolkata,11/30/2022,30,22.2,25.5,25.7,61.5,0,14.8,partly-cloudy-day
Kolkata,12/1/2022,29,20,24.2,24.3,63.3,0,52.4,wind
Kolkata,12/2/2022,28,18.2,22.5,22.5,62.5,0,16.6,clear-day
Kolkata,12/3/2022,27,17,21.9,21.9,60,0,14.8,clear-day
Kolkata,12/4/2022,27,16.9,21.5,21.5,62.5,0,14.8,clear-day
Kolkata,12/5/2022,27,16.8,21.6,21.6,65.8,0,16.6,clear-day
Kolkata,12/6/2022,27,17,21.7,21.7,66.2,0,16.6,clear-day
Kolkata,12/7/2022,26,17,21.2,21.2,64.6,0,14.8,partly-cloudy-day
Kolkata,12/8/2022,26,16.9,20.6,20.6,68.9,0,13,partly-cloudy-day
Kolkata,12/9/2022,26.3,16.4,21.2,21.2,71.1,0,14.8,partly-cloudy-day
Kolkata,12/10/2022,27,18.5,22.6,22.6,68.6,0,18.4,partly-cloudy-day
Kolkata,12/11/2022,28,18.9,23.3,23.3,64.7,0,11.2,partly-cloudy-day
Kolkata,12/12/2022,28,17.1,22.3,22.4,68.2,0,7.6,clear-day
Kolkata,12/13/2022,29,17.9,23.5,23.4,66.2,0,11.2,clear-day
Kolkata,12/14/2022,27,18.7,22.5,22.6,66,0,16.6,clear-day
Kolkata,12/15/2022,27,17,21.5,21.4,60.2,0,18.4,clear-day
Kolkata,12/16/2022,25,16,19.9,19.9,55.6,0,22.3,clear-day
Kolkata,12/17/2022,24.3,13.9,19.1,19.1,59.6,0,14.8,clear-day
Kolkata,12/18/2022,26,15.1,20.3,20.3,72.5,0,11.2,clear-day
Kolkata,12/19/2022,26,17.5,21.6,21.6,72.3,0,14.8,clear-day
Kolkata,12/20/2022,26,16.6,21.1,21.1,71.9,0,14.8,clear-day
Kolkata,12/21/2022,27,15.9,21,21,73,0,11.2,clear-day
Kolkata,12/22/2022,27,15.5,21.2,21.2,71.3,0,11.2,clear-day
Kolkata,12/23/2022,28,15.6,21.6,21.6,65.3,0,79.8,wind
Kolkata,12/24/2022,29,15.6,22.1,22.1,67,0,13,clear-day
Kolkata,12/25/2022,30,17.8,23.8,24.2,72.6,0,14.8,clear-day
Kolkata,12/26/2022,31,20.9,25.2,25.7,75,0,13,clear-day
Kolkata,12/27/2022,30,21.8,24.9,25.5,80.1,0.002,16.6,rain
Kolkata,12/28/2022,27,18.3,22.7,22.7,76.6,0,14.8,clear-day
Kolkata,12/29/2022,26,15,20,20,60.6,0,11.2,clear-day
Kolkata,12/30/2022,26,14.9,20.2,20.2,67.4,0,9.4,clear-day
Kolkata,12/31/2022,27,15.1,21.1,21.1,74.5,0,11.2,clear-day
Kolkata,1/1/2023,26,18,21.3,21.3,78.6,0,11.2,partly-cloudy-day
Kolkata,1/2/2023,26,17,20.9,20.9,74.7,0,11.2,clear-day
Kolkata,1/3/2023,23,15.4,18.2,18.2,84.3,0,14.8,partly-cloudy-day
Kolkata,1/4/2023,23,14.9,17.7,17.7,83.4,0,16.6,partly-cloudy-day
Kolkata,1/5/2023,23,13,17.6,17.6,79.5,0,18.4,clear-day
Kolkata,1/6/2023,24,12.4,17.8,17.8,73.9,0,16.6,clear-day
Kolkata,1/7/2023,23,12.9,16.9,16.9,78.3,0,16.6,clear-day
Kolkata,1/8/2023,25,13,18.2,18.2,76.5,0,13,clear-day
Kolkata,1/9/2023,27,13.8,19.7,19.8,73.3,0,13,clear-day
Kolkata,1/10/2023,28,14,20.2,20.1,59.4,0,14.8,clear-day
Kolkata,1/11/2023,26,14.4,19.4,19.4,62.7,0,18.4,clear-day
Kolkata,1/12/2023,28,13.4,19.7,19.6,63.2,0,11.2,clear-day
Kolkata,1/13/2023,29,15.8,22.4,22.7,76,0,14.8,clear-day
Kolkata,1/14/2023,29,20.2,24.1,24.5,80.2,0,13,partly-cloudy-day
Kolkata,1/15/2023,27,19.2,22.5,22.6,78.8,0,11.2,partly-cloudy-day
Kolkata,1/16/2023,24,17,20.2,20.2,72.4,0,18.4,partly-cloudy-day
Kolkata,1/17/2023,24,16,19.4,19.4,73.8,0,18.4,partly-cloudy-day
Kolkata,1/18/2023,24,16,20.1,20.1,70.7,0.012,13,rain
Kolkata,1/19/2023,24,15.9,19.6,19.6,69.7,0,16.6,partly-cloudy-day
Kolkata,1/20/2023,26,14,19.5,19.5,68.2,0,11.2,clear-day
Kolkata,1/21/2023,28,14.6,21.1,21.2,68.2,0,9.4,clear-day
Kolkata,1/22/2023,29,16,22.5,22.6,72.8,0,9.4,clear-day
Kolkata,1/23/2023,31,17.6,23.9,24.3,73.7,0,7.6,clear-day
Kolkata,1/24/2023,29,19.5,24.2,24.8,80.7,0,11.2,clear-day
Kolkata,1/25/2023,31,19.7,25,25.8,76.4,0,9.4,clear-day
Kolkata,1/26/2023,32,19,25.3,25.7,67.8,0,14.8,clear-day
Kolkata,1/27/2023,30,20,25,25.4,71.4,0,18.4,clear-day
Kolkata,1/28/2023,29,19.5,24,24,67.6,0,16.6,clear-day
Kolkata,1/29/2023,28,17,22.1,22,61.2,0,16.6,clear-day
Kolkata,1/30/2023,30,16.5,22.8,23,70.2,0,13,clear-day
Kolkata,1/31/2023,28,19.5,23.9,24.1,71.6,0,11.2,partly-cloudy-day
Kolkata,2/1/2023,29,19.9,24.2,24.3,63.7,0,22.3,partly-cloudy-day
Kolkata,2/2/2023,26,16.8,21.1,21.1,62.5,0,22.3,clear-day
Kolkata,2/3/2023,27,16,20.9,20.9,70.6,0,18.4,clear-day
Kolkata,2/4/2023,28,15.7,22,22,64.6,0,20.5,partly-cloudy-day
Kolkata,2/5/2023,30,16.3,23,22.9,60.8,0,11.2,clear-day
Kolkata,2/6/2023,32,16.4,23.9,23.7,58.5,0,14.8,clear-day
Kolkata,2/7/2023,33,20,25.2,25,63.5,0,16.6,clear-day
Kolkata,2/8/2023,31,21.4,25.7,26.1,70.8,0,14.8,partly-cloudy-day
Kolkata,2/9/2023,30,20.5,25,25.3,70.8,0,13,clear-day
Kolkata,2/10/2023,31,17.9,24,23.8,60.3,0,11.2,clear-day
Kolkata,2/11/2023,34,19.6,26.3,27,68.4,0,14.8,clear-day
Kolkata,2/12/2023,32,23,27,26.9,59.9,0,20.5,clear-day
Kolkata,2/13/2023,29,18.6,24.1,23.7,37.1,0,18.4,clear-day
Kolkata,2/14/2023,29,16.5,22.3,22.1,46.4,0,13,clear-day
Kolkata,2/15/2023,29,15,22.4,22.2,52.8,0,13,clear-day
Kolkata,2/16/2023,30,17.2,23.5,23.3,57.1,0,11.2,clear-day
Kolkata,2/17/2023,29,19.6,24.7,25.2,76,0,11.2,partly-cloudy-day
Kolkata,2/18/2023,29,22.4,25.2,26,78.9,0.124,14.8,rain
Kolkata,2/19/2023,31,21.5,25.6,26.9,79.4,0,13,partly-cloudy-day
Kolkata,2/20/2023,32,22.3,27,28.5,75.7,0,18.4,partly-cloudy-day
Kolkata,2/21/2023,34,24.1,28.1,29.7,73.6,0,14.8,partly-cloudy-day
Kolkata,2/22/2023,34,23.9,28.2,30.3,75,0,25.9,partly-cloudy-day
Kolkata,2/23/2023,35,23.6,28.6,29.5,66.1,0,18.4,partly-cloudy-day
Kolkata,2/24/2023,34,24.8,28.5,31.2,74.7,0,14.8,partly-cloudy-day
Kolkata,2/25/2023,34,24.6,28.4,30.4,69.7,0,11.2,partly-cloudy-day
Kolkata,2/26/2023,34,23,28,29.4,65.7,0,13,partly-cloudy-day
Kolkata,2/27/2023,33,23,28.1,30,68.8,0,13,partly-cloudy-day
Kolkata,2/28/2023,35,24.5,28.8,28.8,56.4,0,11.2,clear-day
Kolkata,3/1/2023,35,23.7,28.8,30.7,67,0,11.2,clear-day
Kolkata,3/2/2023,36,24.4,29.6,30.6,59.6,0,13,clear-day
Kolkata,3/3/2023,36,24,29.9,29.6,47.2,0,16.6,clear-day
Kolkata,3/4/2023,36,23.5,30,30,44,0,14.8,clear-day
Kolkata,3/5/2023,36,22.7,29.8,30.2,46.8,0,14.8,clear-day
Kolkata,3/6/2023,35,23.7,29.8,29.7,43.7,0,13,clear-day
Kolkata,3/7/2023,36,23.3,29.5,29.1,43.3,0,18.4,partly-cloudy-day
Kolkata,3/8/2023,34,23,28.5,28.2,46.7,0,13,partly-cloudy-day
Kolkata,3/9/2023,34,22.9,27.8,28.2,53.7,0,14.8,partly-cloudy-day
Kolkata,3/10/2023,32,24,27.9,28.8,61.3,0,9.4,partly-cloudy-day
Kolkata,3/11/2023,32,23,27,27.5,58.6,0,18.4,partly-cloudy-day
Kolkata,3/12/2023,34,21,27.9,28.4,58.9,0,11.2,partly-cloudy-day
Kolkata,3/13/2023,35,23,29.1,30.5,57.9,0,11.2,clear-day
Kolkata,3/14/2023,34,24,28.7,30,60.2,0,25.9,partly-cloudy-day
Kolkata,3/15/2023,34,24.2,28.7,30.2,63.2,0,20.5,partly-cloudy-day
Kolkata,3/16/2023,32,21.3,28.1,30.6,74.2,0.06,22.3,rain
Kolkata,3/17/2023,27,21,24.4,24.7,85.3,7.472,11.2,rain
Kolkata,3/18/2023,29,22,25.5,26.6,83.5,0.507,16.6,rain
Kolkata,3/19/2023,27,21,22.8,22.9,87.2,4.199,16.6,rain
Kolkata,3/20/2023,28,21.1,24.1,24.5,80.3,4.002,22.3,rain
Kolkata,3/21/2023,31,20,24.4,25.2,80.3,9.448,14.8,rain
Kolkata,3/22/2023,31,21,25.9,27.1,75.7,0.005,11.2,rain
Kolkata,3/23/2023,32,23.6,27.1,28.7,76.5,0,11.2,partly-cloudy-day
Kolkata,3/24/2023,33,23,28.2,30.3,71.8,0,14.8,partly-cloudy-day
Kolkata,3/25/2023,34,26.4,29.7,34.4,74.2,0,18.4,partly-cloudy-day
Kolkata,3/26/2023,35,25,29.1,32.9,72.9,0.177,18.4,rain
Kolkata,3/27/2023,32,24,28,31.4,78.3,0.876,13,rain
Kolkata,3/28/2023,34,25,29.5,33.3,70.4,0.002,20.5,rain
Kolkata,3/29/2023,34,27.6,30.1,35.6,73.4,0.243,24.1,rain
Kolkata,3/30/2023,34,24.1,29.2,33,73.2,7.632,24.1,rain
Kolkata,3/31/2023,29,23.7,26.4,27.7,76.2,0.081,18.4,rain
Kolkata,4/1/2023,27,22,24.6,24.8,82.2,12.364,11.2,rain
Kolkata,4/2/2023,33,21,27.1,28.1,67.2,0.146,14.8,rain
Kolkata,4/3/2023,35,24.7,29.7,31,60.6,0,14.8,partly-cloudy-day
Kolkata,4/4/2023,34,26,29.9,35.3,73.9,0,27.7,partly-cloudy-day
Kolkata,4/5/2023,35,27.1,30.7,33.8,61.2,0.124,22.3,rain
Kolkata,4/6/2023,36.2,27,31.4,32.7,50.2,0,9.4,partly-cloudy-day
Kolkata,4/7/2023,37,27,31.8,34.9,56.5,0,16.6,partly-cloudy-day
Kolkata,4/8/2023,37,27,31.9,34.8,53.9,0,18.4,partly-cloudy-day
Kolkata,4/9/2023,37,27.8,32.3,34.6,50.4,0,13,partly-cloudy-day
Kolkata,4/10/2023,37,28.1,32.6,37.6,59.1,0,13,partly-cloudy-day
Kolkata,4/11/2023,39,28,33.3,36.9,52.6,0,11.2,partly-cloudy-day
Kolkata,4/12/2023,39,28,33,35.3,49.2,0,18.4,clear-day
Kolkata,4/13/2023,40,27.7,34.1,35,38.9,0,14.8,clear-day
Kolkata,4/14/2023,41,28.7,34.8,37.4,43,0,14.8,clear-day
Kolkata,4/15/2023,39.1,28,34,43.2,63.8,0,9.4,partly-cloudy-day
Kolkata,4/16/2023,41,30,34.8,42.6,59,0,18.4,partly-cloudy-day
Kolkata,4/17/2023,41,30.2,34.4,42.5,61.4,0,22.3,clear-day
Kolkata,4/18/2023,39,29,33,44.6,74.2,0,22.3,partly-cloudy-day
Kolkata,4/19/2023,42,29.8,33.9,42.8,66.7,0,24.1,partly-cloudy-day
Kolkata,4/20/2023,42,29,33.9,42.4,65.4,0,25.9,partly-cloudy-day
Kolkata,4/21/2023,39.6,29.4,33.2,37,51.8,0.001,20.5,rain
Kolkata,4/22/2023,37,26.8,31.6,33,46.9,0,25.9,partly-cloudy-day
Kolkata,4/23/2023,34,25,29.1,30.5,58,0.922,24.1,rain
Kolkata,4/24/2023,32,22,26.4,27.5,76.3,6.46,22.3,rain
Kolkata,4/25/2023,33,23.6,28.6,31.6,70.5,0,11.2,partly-cloudy-day
Kolkata,4/26/2023,35,26.7,30.9,35.4,65.2,0,18.4,partly-cloudy-day
Kolkata,4/27/2023,36.4,23,29.1,33.4,74.8,32.146,31.7,rain
Kolkata,4/28/2023,35,24.2,29.4,33.3,72.7,0.024,14.8,rain
Kolkata,4/29/2023,37,26,29.6,33.8,72.2,1.804,27.7,rain
Kolkata,4/30/2023,34.4,23,26.7,28.7,79.7,28.562,27.7,rain
Kolkata,5/1/2023,31,23,26.3,27.5,77.1,0,18.4,partly-cloudy-day
Kolkata,5/2/2023,35,23.9,29.6,31.8,63.8,0,24.1,partly-cloudy-day
Kolkata,5/3/2023,34,26,29.1,34.1,77,1.799,18.4,rain
Kolkata,5/4/2023,32.4,26.6,29.2,33.6,73.9,0,18.4,partly-cloudy-day
Kolkata,5/5/2023,35,24.9,30,35.1,72.3,3.31,18.4,rain
Kolkata,5/6/2023,36,27.7,31.7,38.3,67.5,0,14.8,partly-cloudy-day
Kolkata,5/7/2023,39,29,33.1,38.6,60.1,0,16.6,clear-day
Kolkata,5/8/2023,39,28.9,33.8,40.6,60,0,14.8,partly-cloudy-day
Kolkata,5/9/2023,38.7,30.3,33.9,41.2,60.2,0,18.4,partly-cloudy-day
Kolkata,5/10/2023,38.5,30,33.3,41.2,63.9,0,25.9,partly-cloudy-day
Kolkata,5/11/2023,38,29.7,32.8,40.7,66.6,0,24.1,partly-cloudy-day
Kolkata,5/12/2023,35.2,29,31.8,40.3,72.4,0,18.4,partly-cloudy-day
Kolkata,5/13/2023,34,28,30.6,37.6,74,0,14.8,partly-cloudy-day
Kolkata,5/14/2023,36,26,30.8,34.4,62.7,0,27.7,partly-cloudy-day
Kolkata,5/15/2023,37,23,29.3,32.6,66.8,15.179,27.7,rain
Kolkata,5/16/2023,35,25,30.3,37.1,74.5,0.254,29.5,rain
Kolkata,5/17/2023,36,27,31.8,40.8,72.8,0,29.5,partly-cloudy-day
Kolkata,5/18/2023,33.1,23.6,28,31.9,80.1,20.471,22.3,rain
Kolkata,5/19/2023,37,26,30.4,37.5,73.7,0.507,37.1,rain
Kolkata,5/20/2023,36,27,31.1,38.1,71.2,0,27.7,partly-cloudy-day
Kolkata,5/21/2023,36,29,32.1,42.9,77.7,0,33.5,partly-cloudy-day
Kolkata,5/22/2023,37,26,31.6,38.9,70.2,0,31.7,partly-cloudy-day
Kolkata,5/23/2023,38,23,30.9,38,74,3.632,30.4,rain
Kolkata,5/24/2023,33.1,24,28.3,33,80,0,18.4,partly-cloudy-day
Kolkata,5/25/2023,37,23.5,29.8,34.7,75.6,17.069,37.1,rain
Kolkata,5/26/2023,34,23,27.5,30.8,78.5,19.684,27.7,rain
Kolkata,5/27/2023,33.1,24,28.7,34.7,82.5,0.243,27.7,rain
Kolkata,5/28/2023,35,26,30.8,36.9,72.1,0,14.8,partly-cloudy-day
Kolkata,5/29/2023,36.6,27.5,32.3,38.9,64.9,0,13,partly-cloudy-day
Kolkata,5/30/2023,37.1,29.8,32.9,41.5,67.4,0,20.5,partly-cloudy-day
Kolkata,5/31/2023,38,30,33.1,42.8,69.3,0,16.6,partly-cloudy-day
Kolkata,6/1/2023,39,29.3,33.9,42.9,64.2,0,18.4,partly-cloudy-day
Kolkata,6/2/2023,39.2,30,33.6,42.2,64.9,0,25.9,partly-cloudy-day
Kolkata,6/3/2023,38.4,30,33.6,44,69.5,0,25.9,partly-cloudy-day
Kolkata,6/4/2023,38,30,33.3,44.5,72,0,25.9,partly-cloudy-day
Kolkata,6/5/2023,39,29,33.7,43,66.8,0,24.1,partly-cloudy-day
Kolkata,6/6/2023,38,30,33.8,44.3,67.7,0,18.4,partly-cloudy-day
Kolkata,6/7/2023,39,31,33.7,43,65.5,0,14.8,partly-cloudy-day
Kolkata,6/8/2023,35.3,30,32.6,45.5,78.4,0,18.4,partly-cloudy-day
Kolkata,6/9/2023,36,24,29.5,37.3,82.4,19.209,27.7,rain
Kolkata,6/10/2023,32,25,28.8,33.9,79.8,0,14.8,cloudy
Kolkata,6/11/2023,36.6,26,31.5,40.9,76.7,2.302,37.1,rain
Kolkata,6/12/2023,35.4,27,30.2,37.1,77.3,12.344,24.1,rain
Kolkata,6/13/2023,38,28,32.1,41.5,74,0,18.4,partly-cloudy-day
Kolkata,6/14/2023,38,30,33.6,44.1,69.3,0,24.1,partly-cloudy-day
Kolkata,6/15/2023,37.9,31,33.5,47.5,75.7,0,27.7,partly-cloudy-day
Kolkata,6/16/2023,38,31,33.5,47.3,75.8,42.327,27.7,rain
Kolkata,6/17/2023,35.3,28,32,43.1,78.3,3.535,27.7,rain
Kolkata,6/18/2023,33,30,31.1,42.1,83.3,0.1,24.1,rain
Kolkata,6/19/2023,31,24,28.9,36.5,87.4,2.336,27.7,rain
Kolkata,6/20/2023,34.9,29,31.4,41.9,80.3,1.622,29.5,rain
Kolkata,6/21/2023,35,29,31.4,42.1,80.3,0.342,22.3,rain
Kolkata,6/22/2023,33,27,30.1,39.2,83.8,3.424,18.4,rain
Kolkata,6/23/2023,34,27,29.9,37.5,82.6,5.007,16.6,rain
Kolkata,6/24/2023,32,27,29.2,36.5,85.4,8.277,16.6,rain
Kolkata,6/25/2023,32,27,28.5,35.4,90.4,26.396,25.9,rain
Kolkata,6/26/2023,31,26.4,27.7,32.5,91.1,16.102,18.4,rain
Kolkata,6/27/2023,30,26,27.6,31.9,90.5,17.234,20.5,rain
Kolkata,6/28/2023,28,25.9,26.7,29.1,92.8,40.904,27.7,rain
Kolkata,6/29/2023,31,26.9,28.4,35.1,90.2,12.181,16.6,rain
Kolkata,6/30/2023,34,27,30,38.8,84.6,5.274,25.9,rain
Kolkata,7/1/2023,34,27,30.3,39.2,83.3,1.342,31.7,rain
Kolkata,7/2/2023,35,29,31.7,42.3,78.7,0,22.3,partly-cloudy-day
Kolkata,7/3/2023,35.1,27,31.1,41.8,82.7,2.303,22.3,rain
Kolkata,7/4/2023,35,28,31.5,41.3,78,0,20.5,partly-cloudy-day
Kolkata,7/5/2023,34,28,30.3,39.2,83.7,14.342,16.6,rain
Kolkata,7/6/2023,32,27,28.7,35.7,89.2,10.018,18.4,rain
Kolkata,7/7/2023,32,28,29.3,37.3,87.5,8.809,20.5,rain
Kolkata,7/8/2023,33,26.7,29.9,37.8,83.7,16.438,16.6,rain
Kolkata,7/9/2023,34,28,31.1,40.2,78,0,14.8,partly-cloudy-day
Kolkata,7/10/2023,34,29,31,40.9,81.4,0,22.3,partly-cloudy-day
Kolkata,7/11/2023,33.3,29,30.5,39.5,81.2,0.006,22.3,rain
Kolkata,7/12/2023,34,28,30.1,38,81.2,0.416,18.4,rain
Kolkata,7/13/2023,33.5,28,30.5,38.3,78.6,0.036,18.4,rain
Kolkata,7/14/2023,33,28,30.5,39.8,82.1,0.241,18.4,rain
Kolkata,7/15/2023,33,26,28.9,35.5,86.3,1.982,24.1,rain
Kolkata,7/16/2023,32,27,28.8,35.5,87.6,19.887,18.4,rain
Kolkata,7/17/2023,30.5,27,28.6,35.6,89.6,8.805,22.3,rain
Kolkata,7/18/2023,33,27,29.4,37.3,86.2,2.294,16.6,rain
Kolkata,7/19/2023,33,28,29.7,38,84.8,6.261,16.6,rain
Kolkata,7/20/2023,34,28,30.3,38.8,81.4,0.933,22.3,rain
Kolkata,7/21/2023,32.6,28,29.1,36.9,88.8,4.407,18.4,rain
Kolkata,7/22/2023,31,28,28.7,35.7,89.8,7.091,18.4,rain
Kolkata,7/23/2023,32,27,29.6,37.4,84.9,3.2,16.6,rain
Kolkata,7/24/2023,33,27,29.3,36.7,86.7,1.4,25.9,rain
Kolkata,7/25/2023,34.5,27.7,30.5,35.9,71.9,1.7,26.3,rain
